Indicator,Country code,2022,Q1 2022,Q2 2022,Q3 2022,Q4 2022
Current account,US,"-1.012.103,00","-263.229,00","-271.509,00","-260.173,00","-217.192,00"
Goods and services,US,"-944.770,00","-245.745,00","-255.825,00","-242.346,00","-200.854,00"
Credit,US,"3.039.403,00","696.638,00","777.156,00","783.760,00","781.849,00"
Debit,US,"3.984.173,00","942.383,00","1.032.981,00","1.026.106,00","982.703,00"
Goods,US,"-1.179.943,00","-300.153,00","-309.970,00","-295.574,00","-274.246,00"
Credit,US,"2.090.338,00","483.228,00","541.549,00","541.470,00","524.091,00"
General merchandise: export,US,"2.048.474,00","476.980,00","531.858,00","525.593,00","514.043,00"
Net exports of goods under merchanting,US,"1.116,00","321,00","244,00","313,00","238,00"
Non-monetary gold: export,US,"40.748,00","5.927,00","9.447,00","15.564,00","9.810,00"
Debit,US,"3.270.281,00","783.381,00","851.519,00","837.044,00","798.337,00"
General merchandise: import,US,"3.244.147,00","771.975,00","845.596,00","833.104,00","793.472,00"
Non-monetary gold: import,US,"26.134,00","11.406,00","5.923,00","3.940,00","4.865,00"
Services,US,"235.173,00","54.408,00","54.145,00","53.228,00","73.392,00"
Credit,US,"949.065,00","213.410,00","235.607,00","242.290,00","257.758,00"
Debit,US,"713.892,00","159.002,00","181.462,00","189.062,00","184.366,00"
"Maintenance and repair services n.i.e., credit",US,"14.417,00","3.054,00","3.612,00","3.744,00","4.007,00"
"Maintenance and repair services n.i.e., debit",US,"5.453,00","1.210,00","1.373,00","1.404,00","1.466,00"
"Transport, credit",US,"92.406,00","19.677,00","23.454,00","25.020,00","24.255,00"
Passenger,US,"29.177,00","4.734,00","7.080,00","9.079,00","8.284,00"
"Transport, debit",US,"157.711,00","33.576,00","42.244,00","44.207,00","37.684,00"
Passenger,US,"46.776,00","6.171,00","12.313,00","14.723,00","13.569,00"
"Travel, credit",US,"142.910,00","24.678,00","35.411,00","41.243,00","41.578,00"
"Business travel, credit",US,"29.484,00","4.776,00","7.694,00","8.504,00","8.510,00"
"Personal travel, credit",US,"113.426,00","19.902,00","27.717,00","32.739,00","33.068,00"
"Travel, debit",US,"118.622,00","19.073,00","32.180,00","35.945,00","31.424,00"
"Business travel, debit",US,"12.375,00","1.929,00","3.393,00","3.742,00","3.311,00"
"Personal travel, debit",US,"106.247,00","17.144,00","28.787,00","32.203,00","28.113,00"
"Other services, credit",US,"699.332,00","166.001,00","173.130,00","172.283,00","187.918,00"
Construction services,US,"1.948,00","420,00","503,00","536,00","489,00"
Insurance and pension services,US,"23.986,00","5.725,00","5.954,00","6.147,00","6.160,00"
Financial services,US,"167.444,00","40.923,00","41.761,00","41.630,00","43.130,00"
Charges for the use of intellectual property n.i.e.,US,"137.833,00","33.056,00","35.031,00","34.155,00","35.591,00"
"Telecommunication, computer, and information services",US,"64.717,00","14.612,00","16.573,00","15.832,00","17.700,00"
Other business services,US,"246.415,00","57.450,00","60.196,00","59.779,00","68.990,00"
"Personal, cultural, and recreational services",US,"27.710,00","6.731,00","7.018,00","6.910,00","7.051,00"
Government goods and services n.i.e.,US,"29.279,00","7.084,00","6.094,00","7.294,00","8.807,00"
"Other Services, debit",US,"432.106,00","105.143,00","105.665,00","107.506,00","113.792,00"
Construction services,US,"2.148,00","550,00","622,00","517,00","459,00"
Insurance and pension services,US,"62.306,00","14.587,00","15.337,00","15.968,00","16.414,00"
Financial services,US,"57.480,00","13.165,00","13.120,00","14.461,00","16.734,00"
Charges for the use of intellectual property n.i.e.,US,"60.989,00","18.660,00","14.439,00","14.040,00","13.850,00"
"Telecommunication, computer, and information services",US,"55.108,00","13.286,00","13.730,00","13.423,00","14.669,00"
Other business services,US,"138.766,00","31.427,00","34.596,00","35.282,00","37.461,00"
"Personal, cultural, and recreational services",US,"29.761,00","7.127,00","7.380,00","7.487,00","7.767,00"
Government goods and services n.i.e.,US,"25.548,00","6.341,00","6.441,00","6.328,00","6.438,00"
Primary income,US,"115.961,00","20.840,00","27.966,00","38.094,00","29.061,00"
Total credit,US,"1.184.425,00","270.607,00","288.333,00","308.288,00","317.197,00"
Total debit,US,"1.068.464,00","249.767,00","260.367,00","270.194,00","288.136,00"
"Compensation of employees, credit",US,"7.407,00","1.828,00","1.843,00","1.865,00","1.871,00"
"Compensation of employees, debit",US,"24.786,00","5.183,00","6.019,00","6.878,00","6.706,00"
"Investment income, credit",US,"1.177.018,00","268.779,00","286.490,00","306.423,00","315.326,00"
Direct investment income,US,"608.090,00","142.529,00","150.751,00","159.497,00","155.313,00"
Income on equity and investment fund shares,US,"592.200,00","139.139,00","147.344,00","155.367,00","150.350,00"
Dividends and withdrawals from income of quasi-corporations,US,"346.413,00","62.429,00","80.233,00","73.747,00","130.004,00"
Reinvested earnings (direct investor in direct investment enterprises),US,"245.787,00","76.710,00","67.111,00","81.620,00","20.346,00"
Interest,US,"15.890,00","3.390,00","3.407,00","4.130,00","4.963,00"
Portfolio investment income,US,"460.662,00","111.659,00","116.444,00","115.978,00","116.581,00"
Investment income on equity and investment fund shares,US,"308.963,00","76.317,00","79.120,00","76.405,00","77.121,00"
Dividends on equity excluding investment fund shares,US,"266.280,00","66.822,00","67.959,00","64.794,00","66.705,00"
Investment income attributable to investment fund shareholders,US,"42.683,00","9.495,00","11.161,00","11.611,00","10.416,00"
Interest,US,"151.699,00","35.342,00","37.324,00","39.573,00","39.460,00"
Other investment income,US,"106.101,00","14.508,00","19.022,00","30.347,00","42.224,00"
Interest,US,"90.770,00","10.745,00","15.196,00","26.483,00","38.346,00"
"Investment income attributable to policyholders in insurance, pension schemes, and standardized guarantees",US,"15.331,00","3.763,00","3.826,00","3.864,00","3.878,00"
Income on reserve assets,US,"2.165,00","83,00","273,00","601,00","1.208,00"
Income on equity and investment fund shares,US,"0,00","0,00","0,00","0,00","0,00"
Interest,US,"2.165,00","83,00","273,00","601,00","1.208,00"
"Investment income, debit",US,"1.043.678,00","244.584,00","254.348,00","263.316,00","281.430,00"
Direct investment income,US,"319.342,00","81.364,00","83.723,00","78.499,00","75.756,00"
Income on equity and investment fund shares,US,"281.936,00","72.643,00","74.695,00","69.155,00","65.443,00"
Dividends and withdrawals from income of quasi-corporations,US,"66.669,00","14.112,00","11.760,00","14.519,00","26.278,00"
Reinvested earnings (direct investor in direct investment enterprises),US,"215.267,00","58.531,00","62.935,00","54.636,00","39.165,00"
Interest,US,"37.406,00","8.721,00","9.028,00","9.344,00","10.313,00"
Portfolio investment income,US,"590.343,00","145.385,00","147.096,00","146.501,00","151.361,00"
Investment income on equity and investment fund shares,US,"206.442,00","53.647,00","53.398,00","49.810,00","49.587,00"
Dividends on equity excluding investment fund shares,US,"167.066,00","44.079,00","42.939,00","40.048,00","40.000,00"
Portfolio investment income attributable to investment fund shareholders,US,"39.376,00","9.568,00","10.459,00","9.762,00","9.587,00"
Interest,US,"383.901,00","91.738,00","93.698,00","96.691,00","101.774,00"
Other investment income,US,"133.993,00","17.835,00","23.529,00","38.316,00","54.313,00"
Interest,US,"129.806,00","16.800,00","22.494,00","37.269,00","53.243,00"
"Income attributable to policyholders in insurance, pension schemes, and standardized guarantees",US,"4.187,00","1.035,00","1.035,00","1.047,00","1.070,00"
Secondary income,US,"-183.294,00","-38.324,00","-43.650,00","-55.921,00","-45.399,00"
Credit,US,"188.696,00","44.039,00","45.265,00","45.309,00","54.083,00"
General government,US,"47.178,00","9.238,00","10.393,00","9.615,00","17.932,00"
"Financial corporations, nonfinancial corporations, households, and NPISHs",US,"141.518,00","34.801,00","34.872,00","35.694,00","36.151,00"
Other current transfers,US,"141.518,00","34.801,00","34.872,00","35.694,00","36.151,00"
Debit,US,"371.990,00","82.363,00","88.915,00","101.230,00","99.482,00"
General government,US,"90.400,00","16.319,00","19.685,00","28.889,00","25.507,00"
"Financial corporations, nonfinancial corporations, households, and NPISHs",US,"281.590,00","66.044,00","69.230,00","72.341,00","73.975,00"
Personal transfers,US,"62.239,00","14.984,00","15.443,00","15.790,00","16.022,00"
Other current transfers,US,"219.351,00","51.060,00","53.787,00","56.551,00","57.953,00"
Capital account,US,"-181,00","-1.367,00","-2.462,00","6.272,00","-2.624,00"
Financial account,US,"-869.104,95","-265.459,17","-130.709,68","-244.016,39","-228.919,72"
Direct investment,US,"-20.472,00","22.404,00","26.983,00","-72.197,00","2.338,00"
Net acquisition of financial assets,US,"388.510,00","158.822,00","102.718,00","55.681,00","71.289,00"
Equity and investment fund shares,US,"378.953,00","150.899,00","87.354,00","92.770,00","47.930,00"
Equity other than reinvestment of earnings,US,"133.166,00","74.189,00","20.243,00","11.150,00","27.584,00"
Reinvestment of earnings (direct investor in direct investment enterprises),US,"245.787,00","76.710,00","67.111,00","81.620,00","20.346,00"
Debt instruments,US,"9.557,00","7.923,00","15.364,00","-37.089,00","23.359,00"
Direct investor in direct investment enterprises,US,"1.863,00","5.055,00","16.361,00","-32.977,00","13.424,00"
Direct investment enterprises in direct investor (reverse investment),US,"7.694,00","2.868,00","-997,00","-4.112,00","9.935,00"
Net incurrence of liabilities,US,"408.982,00","136.418,00","75.735,00","127.878,00","68.951,00"
Equity and investment fund shares,US,"333.473,00","84.584,00","91.455,00","96.059,00","61.375,00"
Equity other than reinvestment of earnings,US,"118.206,00","26.053,00","28.520,00","41.423,00","22.210,00"
Reinvestment of earnings (direct investor in direct investment enterprises),US,"215.267,00","58.531,00","62.935,00","54.636,00","39.165,00"
Debt instruments,US,"75.509,00","51.834,00","-15.720,00","31.819,00","7.576,00"
Direct investor in direct investment enterprises,US,"27.081,00","4.554,00","903,00","24.052,00","-2.428,00"
Direct investment enterprises in direct investor (reverse investment),US,"48.428,00","47.280,00","-16.623,00","7.767,00","10.004,00"
Portfolio investment,US,"-437.666,00","-72.386,00","-147.474,00","8.786,00","-226.592,00"
Net acquisition of financial assets,US,"322.717,00","191.982,00","236.903,00","270.789,00","-376.957,00"
Equity and investment fund shares,US,"159.463,00","88.902,00","197.228,00","163.858,00","-290.525,00"
Central bank,US,"0,00","0,00","0,00","0,00","0,00"
"Deposit-taking corporations, except the central bank",US,"3.219,00","1.549,00","3.312,00","2.737,00","-4.379,00"
General government,US,"0,00","0,00","0,00","0,00","0,00"
Other sectors,US,"156.244,00","87.353,00","193.916,00","161.121,00","-286.146,00"
of which: other financial corporations,US,"135.441,00","75.354,00","166.978,00","138.176,00","-245.067,00"
Debt securities,US,"163.254,00","103.080,00","39.675,00","106.931,00","-86.432,00"
Central bank,US,"0,00","0,00","0,00","0,00","0,00"
"Deposit-taking corporations, except the central bank",US,"21.879,00","10.812,00","9.306,00","11.123,00","-9.362,00"
General government,US,"0,00","0,00","0,00","0,00","0,00"
Other sectors,US,"141.375,00","92.268,00","30.369,00","95.808,00","-77.070,00"
of which: other financial corporations,US,"110.969,00","70.731,00","21.766,00","85.962,00","-67.490,00"
Net incurrence of liabilities,US,"760.383,00","264.368,00","384.377,00","262.003,00","-150.365,00"
Equity and investment fund shares,US,"2.585,00","-116.586,00","298.519,00","-5.636,00","-173.712,00"
Central bank,US,"0,00","0,00","0,00","0,00","0,00"
"Deposit-taking corporations, except the central bank",US,"-1.302,00","-2.132,00","4.256,00","-94,00","-3.332,00"
General government,US,"0,00","0,00","0,00","0,00","0,00"
Other sectors,US,"3.887,00","-114.454,00","294.263,00","-5.542,00","-170.380,00"
of which: other financial corporations,US,"2.975,00","-34.798,00","96.670,00","-1.807,00","-57.090,00"
Debt securities,US,"757.798,00","380.954,00","85.858,00","267.639,00","23.347,00"
Central bank,US,"0,00","0,00","0,00","0,00","0,00"
"Deposit-taking corporations, except the central bank",US,"76.097,00","58.489,00","-9.218,00","28.569,00","-1.743,00"
General government,US,"395.554,00","215.119,00","28.170,00","131.003,00","21.262,00"
Other sectors,US,"286.147,00","107.346,00","66.906,00","108.067,00","3.828,00"
of which: other financial corporations,US,"199.826,00","22.794,00","79.670,00","68.393,00","28.969,00"
Financial derivatives (other than reserves) and employee stock options,US,"-80.698,00","6.102,00","-45.911,00","-33.940,00","-6.949,00"
Other investment,US,"-336.083,00","-222.517,00","34.499,00","-147.460,00","-605,00"
Net acquisition of financial assets,US,"30.065,00","58.790,00","29.903,00","-10.549,00","-48.079,00"
Other equity,US,"2.370,00","300,00","1.570,00","335,00","165,00"
Debt instruments,US,"27.695,00","58.490,00","28.333,00","-10.884,00","-48.244,00"
Central bank,US,"-2.928,00","-2.974,00","-19,00","-47,00","112,00"
"Deposit-taking corporations, except the central bank",US,"103.809,00","22.784,00","38.601,00","-2.142,00","44.566,00"
General government,US,"1,00","-6,00","62,00","-363,00","308,00"
Other sectors,US,"-73.187,00","38.686,00","-10.311,00","-8.332,00","-93.230,00"
Net incurrence of liabilities,US,"366.148,00","281.307,00","-4.596,00","136.911,00","-47.474,00"
Special drawing rights (allocations),US,"0,00","0,00","0,00","0,00","0,00"
Other debt instruments,US,"366.148,00","281.307,00","-4.596,00","136.911,00","-47.474,00"
Central bank,US,"92.010,00","-13.876,00","21.829,00","26.470,00","57.587,00"
"Deposit-taking corporations, except the central bank",US,"161.842,00","155.181,00","3.858,00","38.246,00","-35.443,00"
General Government,US,"16.885,00","2.788,00","4.971,00","3.578,00","5.548,00"
Other sectors,US,"95.411,00","137.214,00","-35.254,00","68.617,00","-75.166,00"
Reserve assets,US,"5.814,05","937,83","1.193,32","794,61","2.888,28"
Monetary gold,US,"0,00","0,00","0,00","0,00","0,00"
Special drawing rights,US,"4.978,87","1.521,54","1.529,95","702,81","1.224,57"
Reserve position in the IMF,US,"807,19","-594,71","-362,63","129,81","1.634,72"
Other reserve assets,US,"28,00","11,00","26,00","-38,00","29,00"
Net errors and omissions,US,"143.179,05","-863,17","143.261,32","9.884,61","-9.103,72"
Assets,US,"31.440.286,89","33.937.623,29","30.899.865,79","29.590.096,46","31.440.286,89"
Direct investment,US,"9.150.284,00","10.298.096,00","8.884.283,00","8.193.321,00","9.150.284,00"
Equity and investment fund shares,US,"7.942.730,00","9.095.096,00","7.663.549,00","7.014.789,00","7.942.730,00"
Debt instruments,US,"1.207.554,00","1.203.000,00","1.220.734,00","1.178.533,00","1.207.554,00"
Direct investor in direct investment enterprises,US,"726.421,00","718.154,00","734.516,00","709.167,00","726.421,00"
Direct investment enterprises in direct investor (reverse investment),US,"481.132,00","484.846,00","486.218,00","469.366,00","481.132,00"
Portfolio investment,US,"14.024.125,00","15.513.944,00","13.821.086,00","12.901.498,00","14.024.125,00"
Equity and investment fund shares,US,"10.279.726,00","11.465.265,00","9.997.741,00","9.192.407,00","10.279.726,00"
Central bank,US,"0,00","0,00","0,00","0,00","0,00"
"Deposit-taking corporations, except the central bank",US,"154.935,00","199.813,00","167.869,00","153.531,00","154.935,00"
General government,US,"0,00","0,00","0,00","0,00","0,00"
Other sectors,US,"10.124.791,00","11.265.452,00","9.829.872,00","9.038.876,00","10.124.791,00"
of which: other financial corporations,US,"8.671.283,00","9.717.970,00","8.464.372,00","7.751.670,00","8.671.283,00"
Debt securities,US,"3.744.399,00","4.048.679,00","3.823.345,00","3.709.091,00","3.744.399,00"
Central bank,US,"0,00","0,00","0,00","0,00","0,00"
"Deposit-taking corporations, except the central bank",US,"318.923,00","332.632,00","346.141,00","342.864,00","318.923,00"
General government,US,"0,00","0,00","0,00","0,00","0,00"
Other sectors,US,"3.425.476,00","3.716.047,00","3.477.204,00","3.366.227,00","3.425.476,00"
Financial derivatives (other than reserves) and employee stock options,US,"2.543.343,00","2.254.847,00","2.405.663,00","2.826.939,00","2.543.343,00"
Other investment,US,"5.015.621,00","5.125.747,00","5.086.209,00","5.012.135,00","5.015.621,00"
Other equity,US,"73.112,00","71.234,00","72.561,00","72.656,00","73.112,00"
Debt instruments,US,"4.942.509,00","5.054.513,00","5.013.648,00","4.939.479,00","4.942.509,00"
Central bank,US,"412,00","366,00","347,00","300,00","412,00"
"Deposit-taking corporations, except the central bank",US,"2.236.100,00","2.173.147,00","2.188.451,00","2.166.973,00","2.236.100,00"
General government,US,"30.931,00","30.925,00","30.987,00","30.623,00","30.931,00"
Other sectors,US,"2.675.065,00","2.850.076,00","2.793.864,00","2.741.582,00","2.675.065,00"
Reserve assets,US,"706.914,89","744.988,29","702.624,79","656.202,46","706.914,89"
Monetary gold,US,"474.294,00","507.871,00","475.144,00","437.161,00","474.294,00"
Special drawing rights,US,"160.537,43","163.131,13","158.195,49","153.175,21","160.537,43"
Reserve position in the fund,US,"34.970,46","34.799,16","33.065,30","32.001,25","34.970,46"
Other reserve assets,US,"37.112,00","39.187,00","36.219,00","33.865,00","37.112,00"
Liabilities,US,"47.704.194,23","52.278.122,99","47.540.616,48","46.449.421,48","47.704.194,23"
Direct investment,US,"12.235.184,00","14.188.536,00","12.073.127,00","11.534.369,00","12.235.184,00"
Equity and investment fund shares,US,"10.466.919,00","12.457.231,00","10.363.441,00","9.778.479,00","10.466.919,00"
Debt instruments,US,"1.768.264,00","1.731.305,00","1.709.686,00","1.755.890,00","1.768.264,00"
Direct investor in direct investment enterprises,US,"952.458,00","932.855,00","927.859,00","951.343,00","952.458,00"
Direct investment enterprises in direct investor (reverse investment),US,"815.806,00","798.451,00","781.827,00","804.547,00","815.806,00"
Portfolio investment,US,"24.715.235,00","27.671.650,00","24.958.375,00","23.938.597,00","24.715.235,00"
Equity and investment fund shares,US,"12.126.970,00","14.347.331,00","12.185.954,00","11.532.884,00","12.126.970,00"
Central bank,US,"0,00","0,00","0,00","0,00","0,00"
"Deposit-taking corporations, except the central bank",US,"232.578,00","262.359,00","173.716,00","192.381,00","232.578,00"
General government,US,"0,00","0,00","0,00","0,00","0,00"
Other sectors,US,"11.894.393,00","14.084.972,00","12.012.238,00","11.340.503,00","11.894.393,00"
of which: other financial corporations,US,"3.985.481,00","4.282.290,00","3.946.207,00","3.697.925,00","3.985.481,00"
Debt securities,US,"12.588.264,00","13.324.318,00","12.772.420,00","12.405.712,00","12.588.264,00"
Central bank,US,"0,00","0,00","0,00","0,00","0,00"
"Deposit-taking corporations, except the central bank",US,"395.261,00","436.318,00","390.757,00","419.673,00","395.261,00"
General government,US,"7.374.365,00","7.706.718,00","7.509.331,00","7.337.838,00","7.374.365,00"
Other sectors,US,"4.818.637,00","5.181.282,00","4.872.332,00","4.648.201,00","4.818.637,00"
Financial derivatives (other than reserves) and employee stock options,US,"2.473.846,00","2.189.923,00","2.334.242,00","2.708.540,00","2.473.846,00"
Other investment,US,"8.279.930,23","8.228.014,99","8.174.873,48","8.267.915,48","8.279.930,23"
Special drawing rights,US,"152.863,23","158.784,99","152.511,48","147.009,48","152.863,23"
Other debt instruments,US,"8.127.067,00","8.069.230,00","8.022.362,00","8.120.906,00","8.127.067,00"
Central bank,US,"1.374.994,00","1.269.107,00","1.290.937,00","1.317.406,00","1.374.994,00"
"Deposit-taking corporations, except the central bank",US,"2.924.327,00","2.918.372,00","2.911.420,00","2.942.703,00","2.924.327,00"
General government,US,"166.988,00","152.891,00","157.862,00","161.440,00","166.988,00"
Other sectors,US,"3.660.757,00","3.728.859,00","3.662.143,00","3.699.356,00","3.660.757,00"
Net international investment position,US,"-16.263.907,34","-18.340.499,70","-16.640.750,70","-16.859.325,02","-16.263.907,34"
Total,US,"412,00","366,00","347,00","300,00","412,00"
Domestic currency,US,"0,00","0,00","0,00","0,00","0,00"
Foreign currency,US,"412,00","366,00","347,00","300,00","412,00"
Euro,US,"412,00","366,00","347,00","275,00","412,00"
Yen,US,"0,00","0,00","0,00","0,00","0,00"
Other currencies,US,"0,00","0,00","0,00","25,00","0,00"
Unallocated,US,"0,00","0,00","0,00","0,00","0,00"
Of which one year or less,US,"412,00","366,00","347,00","300,00","412,00"
Domestic currency,US,"0,00","0,00","0,00","0,00","0,00"
Foreign currency,US,"412,00","366,00","347,00","300,00","412,00"
Euro,US,"412,00","366,00","347,00","275,00","412,00"
Yen,US,"0,00","0,00","0,00","0,00","0,00"
Other currencies,US,"0,00","0,00","0,00","25,00","0,00"
Unallocated,US,"0,00","0,00","0,00","0,00","0,00"
Total,US,"2.555.023,00","2.505.779,00","2.534.592,00","2.509.837,00","2.555.023,00"
Domestic currency,US,"2.084.665,00","2.042.869,00","2.089.241,00","2.091.653,00","2.084.665,00"
Foreign currency,US,"470.358,00","462.910,00","445.351,00","418.184,00","470.358,00"
Euro,US,"187.332,00","147.962,00","160.743,00","150.500,00","187.332,00"
Yen,US,"103.890,00","98.183,00","91.945,00","93.305,00","103.890,00"
Other currencies,US,"179.136,00","216.765,00","192.663,00","174.379,00","179.136,00"
Unallocated,US,"0,00","0,00","0,00","0,00","0,00"
Of which one year or less,US,"1.645.411,00","1.595.051,00","1.588.293,00","1.602.271,00","1.645.411,00"
Domestic currency,US,"1.363.118,00","1.325.522,00","1.337.232,00","1.363.870,00","1.363.118,00"
Foreign currency,US,"282.293,00","269.529,00","251.061,00","238.401,00","282.293,00"
Euro,US,"114.476,00","86.539,00","92.781,00","86.830,00","114.476,00"
Yen,US,"63.421,00","58.097,00","51.865,00","54.301,00","63.421,00"
Other currencies,US,"104.396,00","124.894,00","106.415,00","97.270,00","104.396,00"
Unallocated,US,"0,00","0,00","0,00","0,00","0,00"
Total,US,"30.931,00","30.925,00","30.987,00","30.623,00","30.931,00"
Domestic currency,US,"30.033,00","30.036,00","30.055,00","29.696,00","30.033,00"
Foreign currency,US,"898,00","889,00","932,00","927,00","898,00"
Euro,US,"112,00","67,00","61,00","56,00","112,00"
Yen,US,"27,00","196,00","71,00","50,00","27,00"
Other currencies,US,"760,00","626,00","800,00","821,00","760,00"
Unallocated,US,"0,00","0,00","0,00","0,00","0,00"
Of which one year or less,US,"0,00","0,00","0,00","0,00","0,00"
Domestic currency,US,"0,00","0,00","0,00","0,00","0,00"
Foreign currency,US,"0,00","0,00","0,00","0,00","0,00"
Euro,US,"0,00","0,00","0,00","0,00","0,00"
Yen,US,"0,00","0,00","0,00","0,00","0,00"
Other currencies,US,"0,00","0,00","0,00","0,00","0,00"
Unallocated,US,"0,00","0,00","0,00","0,00","0,00"
Total,US,"6.100.541,00","6.566.123,00","6.271.068,00","6.107.809,00","6.100.541,00"
Domestic currency,US,"4.755.494,00","5.166.837,00","4.947.841,00","4.786.122,00","4.755.494,00"
Foreign currency,US,"1.345.047,00","1.399.286,00","1.323.227,00","1.321.687,00","1.345.047,00"
Euro,US,"624.646,00","619.945,00","602.852,00","617.675,00","624.646,00"
Yen,US,"193.424,00","176.054,00","167.363,00","172.581,00","193.424,00"
Other currencies,US,"526.976,00","603.286,00","553.013,00","531.431,00","526.976,00"
Unallocated,US,"0,00","0,00","0,00","0,00","0,00"
Of which one year or less,US,"2.971.691,00","3.131.431,00","3.094.159,00","3.042.655,00","2.971.691,00"
Domestic currency,US,"2.235.960,00","2.415.625,00","2.405.862,00","2.327.044,00","2.235.960,00"
Foreign currency,US,"735.731,00","715.805,00","688.297,00","715.610,00","735.731,00"
Euro,US,"360.881,00","343.474,00","337.933,00","359.597,00","360.881,00"
Yen,US,"128.239,00","105.510,00","102.171,00","109.193,00","128.239,00"
Other currencies,US,"246.611,00","266.822,00","248.193,00","246.820,00","246.611,00"
Unallocated,US,"0,00","0,00","0,00","0,00","0,00"
Total,US,"4.408.249,00","4.849.773,00","4.555.297,00","4.421.602,00","4.408.249,00"
Domestic currency,US,"3.545.477,00","3.920.944,00","3.695.583,00","3.575.450,00","3.545.477,00"
Foreign currency,US,"862.772,00","928.829,00","859.714,00","846.152,00","862.772,00"
Euro,US,"348.161,00","352.186,00","337.193,00","333.377,00","348.161,00"
Yen,US,"140.810,00","135.184,00","123.335,00","127.647,00","140.810,00"
Other currencies,US,"373.801,00","441.459,00","399.186,00","385.129,00","373.801,00"
Unallocated,US,"0,00","0,00","0,00","0,00","0,00"
Of which one year or less,US,"1.714.221,00","1.868.917,00","1.822.567,00","1.787.566,00","1.714.221,00"
Domestic currency,US,"1.413.266,00","1.572.779,00","1.544.801,00","1.496.061,00","1.413.266,00"
Foreign currency,US,"300.955,00","296.138,00","277.766,00","291.504,00","300.955,00"
Euro,US,"99.167,00","91.618,00","90.497,00","93.211,00","99.167,00"
Yen,US,"85.484,00","74.007,00","67.743,00","73.804,00","85.484,00"
Other currencies,US,"116.305,00","130.513,00","119.526,00","124.490,00","116.305,00"
Unallocated,US,"0,00","0,00","0,00","0,00","0,00"
Total,US,"1.692.292,00","1.716.349,00","1.715.771,00","1.686.207,00","1.692.292,00"
Domestic currency,US,"1.210.017,00","1.245.893,00","1.252.258,00","1.210.673,00","1.210.017,00"
Foreign currency,US,"482.275,00","470.456,00","463.513,00","475.534,00","482.275,00"
Euro,US,"276.486,00","267.760,00","265.658,00","284.298,00","276.486,00"
Yen,US,"52.614,00","40.870,00","44.028,00","44.934,00","52.614,00"
Other currencies,US,"153.176,00","161.827,00","153.826,00","146.303,00","153.176,00"
Unallocated,US,"0,00","0,00","0,00","0,00","0,00"
Of which one year or less,US,"1.257.470,00","1.262.514,00","1.271.592,00","1.255.089,00","1.257.470,00"
Domestic currency,US,"822.694,00","842.846,00","861.061,00","830.983,00","822.694,00"
Foreign currency,US,"434.776,00","419.667,00","410.531,00","424.106,00","434.776,00"
Euro,US,"261.714,00","251.855,00","247.436,00","266.386,00","261.714,00"
Yen,US,"42.755,00","31.504,00","34.428,00","35.390,00","42.755,00"
Other currencies,US,"130.307,00","136.308,00","128.667,00","122.330,00","130.307,00"
Unallocated,US,"0,00","0,00","0,00","0,00","0,00"
Total,US,"1.207.554,00","1.203.000,00","1.220.734,00","1.178.533,00","1.207.554,00"
Domestic currency,US,"1.048.365,00","1.055.131,00","1.064.967,00","1.041.947,00","1.048.365,00"
Foreign currency,US,"159.189,00","147.870,00","155.766,00","136.586,00","159.189,00"
Euro,US,"69.980,00","55.951,00","61.249,00","54.567,00","69.980,00"
Yen,US,"2.672,00","3.009,00","3.031,00","2.525,00","2.672,00"
Other currencies,US,"86.536,00","88.910,00","91.486,00","79.494,00","86.536,00"
Unallocated,US,"0,00","0,00","0,00","0,00","0,00"
Total,US,"9.894.461,00","10.306.192,00","10.057.727,00","9.827.102,00","9.894.461,00"
Domestic currency,US,"7.918.557,00","8.294.872,00","8.132.104,00","7.949.419,00","7.918.557,00"
Foreign currency,US,"1.975.904,00","2.011.320,00","1.925.623,00","1.877.683,00","1.975.904,00"
Euro,US,"882.482,00","824.291,00","825.251,00","823.073,00","882.482,00"
Yen,US,"300.013,00","277.442,00","262.410,00","268.461,00","300.013,00"
Other currencies,US,"793.409,00","909.588,00","837.962,00","786.149,00","793.409,00"
Unallocated,US,"0,00","0,00","0,00","0,00","0,00"
Of which one year or less,US,"4.617.515,00","4.726.847,00","4.682.798,00","4.645.225,00","4.617.515,00"
Domestic currency,US,"3.599.078,00","3.741.147,00","3.743.094,00","3.690.914,00","3.599.078,00"
Foreign currency,US,"1.018.437,00","985.700,00","939.705,00","954.311,00","1.018.437,00"
Euro,US,"475.769,00","430.378,00","431.061,00","446.702,00","475.769,00"
Yen,US,"191.660,00","163.607,00","154.035,00","163.494,00","191.660,00"
Other currencies,US,"351.008,00","391.715,00","354.608,00","344.115,00","351.008,00"
Unallocated,US,"0,00","0,00","0,00","0,00","0,00"
In SDR basket,US,"706.914,00","744.988,00","702.624,00","656.202,00","706.914,00"
Not in SDR basket,US,"0,00","0,00","0,00","0,00","0,00"
Total,US,"1.374.994,00","1.269.107,00","1.290.937,00","1.317.406,00","1.374.994,00"
Domestic Currency,US,"1.374.994,00","1.269.107,00","1.290.937,00","1.317.406,00","1.374.994,00"
Foreign currency,US,"0,00","0,00","0,00","0,00","0,00"
Euro,US,"0,00","0,00","0,00","0,00","0,00"
Yen,US,"0,00","0,00","0,00","0,00","0,00"
Other currencies,US,"0,00","0,00","0,00","0,00","0,00"
Unallocated,US,"0,00","0,00","0,00","0,00","0,00"
Of which one year or less,US,"1.374.994,00","1.269.107,00","1.290.937,00","1.317.406,00","1.374.994,00"
Domestic currency,US,"1.374.994,00","1.269.107,00","1.290.937,00","1.317.406,00","1.374.994,00"
Foreign currency,US,"0,00","0,00","0,00","0,00","0,00"
Euro,US,"0,00","0,00","0,00","0,00","0,00"
Yen,US,"0,00","0,00","0,00","0,00","0,00"
Other currencies,US,"0,00","0,00","0,00","0,00","0,00"
Unallocated,US,"0,00","0,00","0,00","0,00","0,00"
Total,US,"3.319.589,00","3.354.691,00","3.302.177,00","3.362.376,00","3.319.589,00"
Domestic Currency,US,"3.082.108,00","3.136.416,00","3.078.346,00","3.138.362,00","3.082.108,00"
Foreign currency,US,"237.481,00","218.275,00","223.831,00","224.015,00","237.481,00"
Euro,US,"116.912,00","95.754,00","106.560,00","104.047,00","116.912,00"
Yen,US,"51.122,00","44.779,00","47.078,00","42.687,00","51.122,00"
Other currencies,US,"69.447,00","77.742,00","70.193,00","77.281,00","69.447,00"
Unallocated,US,"0,00","0,00","0,00","0,00","0,00"
Of which one year or less,US,"2.715.628,00","2.758.880,00","2.705.393,00","2.755.647,00","2.715.628,00"
Domestic currency,US,"2.556.104,00","2.621.035,00","2.564.146,00","2.613.504,00","2.556.104,00"
Foreign currency,US,"159.524,00","137.845,00","141.247,00","142.144,00","159.524,00"
Euro,US,"70.117,00","48.924,00","55.817,00","54.251,00","70.117,00"
Yen,US,"42.821,00","38.196,00","39.862,00","35.992,00","42.821,00"
Other currencies,US,"46.586,00","50.725,00","45.569,00","51.901,00","46.586,00"
Unallocated,US,"0,00","0,00","0,00","0,00","0,00"
Total,US,"7.694.217,00","8.018.394,00","7.819.705,00","7.646.287,00","7.694.217,00"
Domestic Currency,US,"7.541.165,00","7.859.405,00","7.666.930,00","7.499.056,00","7.541.165,00"
Foreign currency,US,"153.052,00","158.989,00","152.775,00","147.232,00","153.052,00"
Euro,US,"0,00","0,00","0,00","0,00","0,00"
Yen,US,"0,00","0,00","0,00","0,00","0,00"
Other currencies,US,"153.052,00","158.989,00","152.775,00","147.232,00","153.052,00"
Unallocated,US,"0,00","0,00","0,00","0,00","0,00"
Of which one year or less,US,"949.988,00","1.008.398,00","895.437,00","919.610,00","949.988,00"
Domestic currency,US,"949.988,00","1.008.398,00","895.437,00","919.610,00","949.988,00"
Foreign currency,US,"0,00","0,00","0,00","0,00","0,00"
Euro,US,"0,00","0,00","0,00","0,00","0,00"
Yen,US,"0,00","0,00","0,00","0,00","0,00"
Other currencies,US,"0,00","0,00","0,00","0,00","0,00"
Unallocated,US,"0,00","0,00","0,00","0,00","0,00"
Total,US,"8.479.394,00","8.910.140,00","8.534.474,00","8.347.557,00","8.479.394,00"
Domestic Currency,US,"7.292.376,00","7.683.693,00","7.391.177,00","7.237.106,00","7.292.376,00"
Foreign currency,US,"1.187.018,00","1.226.447,00","1.143.297,00","1.110.451,00","1.187.018,00"
Euro,US,"773.134,00","801.115,00","745.986,00","711.401,00","773.134,00"
Yen,US,"85.474,00","68.096,00","67.179,00","70.132,00","85.474,00"
Other currencies,US,"328.410,00","357.236,00","330.132,00","328.918,00","328.410,00"
Unallocated,US,"0,00","0,00","0,00","0,00","0,00"
Of which one year or less,US,"3.311.291,00","3.351.301,00","3.411.527,00","3.429.195,00","3.311.291,00"
Domestic currency,US,"2.850.218,00","2.920.026,00","2.980.808,00","3.003.357,00","2.850.218,00"
Foreign currency,US,"461.073,00","431.275,00","430.719,00","425.838,00","461.073,00"
Euro,US,"271.959,00","244.676,00","250.981,00","238.036,00","271.959,00"
Yen,US,"43.790,00","28.206,00","29.920,00","33.001,00","43.790,00"
Other currencies,US,"145.323,00","158.393,00","149.817,00","154.801,00","145.323,00"
Unallocated,US,"0,00","0,00","0,00","0,00","0,00"
Total,US,"4.432.573,00","4.561.120,00","4.426.731,00","4.334.594,00","4.432.573,00"
Domestic Currency,US,"3.927.563,00","4.039.619,00","3.934.580,00","3.846.416,00","3.927.563,00"
Foreign currency,US,"505.010,00","521.501,00","492.150,00","488.178,00","505.010,00"
Euro,US,"274.147,00","283.261,00","269.981,00","259.927,00","274.147,00"
Yen,US,"55.325,00","50.438,00","46.725,00","47.839,00","55.325,00"
Other currencies,US,"175.538,00","187.802,00","175.444,00","180.412,00","175.538,00"
Unallocated,US,"0,00","0,00","0,00","0,00","0,00"
Of which one year or less,US,"1.735.377,00","1.806.708,00","1.805.468,00","1.798.301,00","1.735.377,00"
Domestic currency,US,"1.565.570,00","1.639.816,00","1.641.674,00","1.627.574,00","1.565.570,00"
Foreign currency,US,"169.807,00","166.892,00","163.794,00","170.727,00","169.807,00"
Euro,US,"73.780,00","65.262,00","69.051,00","68.418,00","73.780,00"
Yen,US,"23.515,00","19.757,00","18.022,00","19.074,00","23.515,00"
Other currencies,US,"72.513,00","81.873,00","76.721,00","83.236,00","72.513,00"
Unallocated,US,"0,00","0,00","0,00","0,00","0,00"
Total,US,"4.046.821,00","4.349.020,00","4.107.743,00","4.012.963,00","4.046.821,00"
Domestic Currency,US,"3.364.813,00","3.644.074,00","3.456.596,00","3.390.690,00","3.364.813,00"
Foreign currency,US,"682.008,00","704.946,00","651.147,00","622.273,00","682.008,00"
Euro,US,"498.987,00","517.854,00","476.004,00","451.474,00","498.987,00"
Yen,US,"30.149,00","17.658,00","20.454,00","22.293,00","30.149,00"
Other currencies,US,"152.872,00","169.435,00","154.689,00","148.506,00","152.872,00"
Unallocated,US,"0,00","0,00","0,00","0,00","0,00"
Of which one year or less,US,"1.575.914,00","1.544.593,00","1.606.059,00","1.630.894,00","1.575.914,00"
Domestic currency,US,"1.284.648,00","1.280.210,00","1.339.134,00","1.375.783,00","1.284.648,00"
Foreign currency,US,"291.266,00","264.383,00","266.925,00","255.111,00","291.266,00"
Euro,US,"198.179,00","179.414,00","181.930,00","169.618,00","198.179,00"
Yen,US,"20.275,00","8.449,00","11.898,00","13.927,00","20.275,00"
Other currencies,US,"72.811,00","76.520,00","73.097,00","71.566,00","72.811,00"
Unallocated,US,"0,00","0,00","0,00","0,00","0,00"
Total,US,"1.768.264,00","1.731.305,00","1.709.686,00","1.755.890,00","1.768.264,00"
Domestic Currency,US,"1.670.102,00","1.630.287,00","1.607.770,00","1.664.351,00","1.670.102,00"
Foreign currency,US,"98.162,00","101.018,00","101.916,00","91.539,00","98.162,00"
Euro,US,"39.761,00","38.955,00","39.414,00","40.349,00","39.761,00"
Yen,US,"12.402,00","11.978,00","12.629,00","10.715,00","12.402,00"
Other currencies,US,"45.999,00","50.085,00","49.874,00","40.475,00","45.999,00"
Unallocated,US,"0,00","0,00","0,00","0,00","0,00"
Total,US,"22.636.458,00","23.283.637,00","22.656.978,00","22.429.517,00","22.636.458,00"
Domestic Currency,US,"20.960.745,00","21.578.909,00","21.035.159,00","20.856.280,00","20.960.745,00"
Foreign currency,US,"1.675.712,00","1.704.728,00","1.621.819,00","1.573.236,00","1.675.712,00"
Euro,US,"929.807,00","935.824,00","891.959,00","855.797,00","929.807,00"
Yen,US,"148.999,00","124.853,00","126.886,00","123.534,00","148.999,00"
Other currencies,US,"596.907,00","644.052,00","602.974,00","593.905,00","596.907,00"
Unallocated,US,"0,00","0,00","0,00","0,00","0,00"
Of which one year or less,US,"8.351.901,00","8.387.687,00","8.303.294,00","8.421.859,00","8.351.901,00"
Domestic currency,US,"7.731.304,00","7.818.566,00","7.731.328,00","7.853.877,00","7.731.304,00"
Foreign currency,US,"620.597,00","569.120,00","571.966,00","567.981,00","620.597,00"
Euro,US,"342.076,00","293.601,00","306.798,00","292.286,00","342.076,00"
Yen,US,"86.611,00","66.402,00","69.782,00","68.993,00","86.611,00"
Other currencies,US,"191.910,00","209.117,00","195.386,00","206.702,00","191.910,00"
Unallocated,US,"0,00","0,00","0,00","0,00","0,00"
Current account,PK,"-12.216,11","-3.902,08","-4.466,85","-2.441,03","-1.406,15"
Goods and services,PK,"-37.627,11","-10.238,08","-11.583,85","-9.431,03","-6.374,15"
Credit,PK,"38.966,76","10.264,00","10.611,00","9.103,87","8.987,89"
Debit,PK,"76.593,87","20.502,08","22.194,85","18.534,90","15.362,04"
Goods,PK,"-34.407,00","-8.846,00","-10.010,00","-9.133,00","-6.418,00"
Credit,PK,"31.473,00","8.464,00","8.787,00","7.387,00","6.835,00"
General merchandise: export,PK,"31.468,00","8.463,00","8.785,00","7.386,00","6.834,00"
Net exports of goods under merchanting,PK,"5,00","1,00","2,00","1,00","1,00"
Non-monetary gold: export,PK,"0,00","0,00","0,00","0,00","0,00"
Debit,PK,"65.880,00","17.310,00","18.797,00","16.520,00","13.253,00"
General merchandise: import,PK,"65.880,00","17.310,00","18.797,00","16.520,00","13.253,00"
Non-monetary gold: import,PK,"0,00","0,00","0,00","0,00","0,00"
Services,PK,"-3.220,11","-1.392,08","-1.573,85","-298,03","43,85"
Credit,PK,"7.493,76","1.800,00","1.824,00","1.716,87","2.152,89"
Debit,PK,"10.713,87","3.192,08","3.397,85","2.014,90","2.109,04"
"Manufacturing services on physical inputs owned by others, credit",PK,"0,00","0,00","0,00","0,00","0,00"
"Manufacturing services on physical inputs owned by others, debit",PK,"0,00","0,00","0,00","0,00","0,00"
"Maintenance and repair services n.i.e., credit",PK,"0,00","0,00","0,00","0,00","0,00"
"Maintenance and repair services n.i.e., debit",PK,"47,00","12,00","13,00","8,00","14,00"
"Transport, credit",PK,"872,76","208,00","230,00","221,87","212,89"
Passenger,PK,"443,23","115,77","110,41","105,11","111,94"
Freight,PK,"171,83","30,80","52,44","52,14","36,45"
Other (including postal and courier),PK,"257,70","61,43","67,15","64,62","64,50"
"Transport, debit",PK,"6.009,87","1.988,08","1.868,85","1.148,90","1.004,04"
Passenger,PK,"823,76","158,49","206,25","239,53","219,49"
Freight,PK,"4.788,69","1.730,03","1.567,15","835,54","655,96"
Other (including postal and courier),PK,"397,42","99,56","95,45","73,82","128,59"
"Travel, credit",PK,"738,00","137,00","123,00","123,00","355,00"
"Business travel, credit",PK,"3,00","0,00","0,00","0,00","3,00"
"Personal travel, credit",PK,"735,00","137,00","123,00","123,00","352,00"
"Travel, debit",PK,"1.530,00","276,00","561,00","231,00","462,00"
"Business travel, debit",PK,"14,00","2,00","3,00","2,00","7,00"
"Personal travel, debit",PK,"1.516,00","274,00","558,00","229,00","455,00"
"Other services, credit",PK,"5.883,00","1.455,00","1.471,00","1.372,00","1.585,00"
Construction services,PK,"43,00","9,00","16,00","7,00","11,00"
Insurance and pension services,PK,"52,00","10,00","10,00","13,00","19,00"
Financial services,PK,"251,00","50,00","70,00","51,00","80,00"
Charges for the use of intellectual property n.i.e.,PK,"13,00","3,00","3,00","3,00","4,00"
"Telecommunication, computer, and information services",PK,"2.650,00","647,00","669,00","634,00","700,00"
Other business services,PK,"1.742,00","438,00","451,00","417,00","436,00"
"Personal, cultural, and recreational services",PK,"15,00","3,00","4,00","3,00","5,00"
Government goods and services n.i.e.,PK,"1.117,00","295,00","248,00","244,00","330,00"
"Other Services, debit",PK,"3.127,00","916,00","955,00","627,00","629,00"
Construction services,PK,"5,00","4,00","1,00","0,00","0,00"
Insurance and pension services,PK,"267,00","80,00","69,00","60,00","58,00"
Financial services,PK,"494,00","115,00","106,00","118,00","155,00"
Charges for the use of intellectual property n.i.e.,PK,"111,00","51,00","32,00","10,00","18,00"
"Telecommunication, computer, and information services",PK,"449,00","146,00","136,00","80,00","87,00"
Other business services,PK,"1.387,00","392,00","413,00","311,00","271,00"
"Personal, cultural, and recreational services",PK,"2,00","1,00","0,00","1,00","0,00"
Government goods and services n.i.e.,PK,"412,00","127,00","198,00","47,00","40,00"
Primary income,PK,"-5.414,00","-1.291,00","-1.451,00","-1.021,00","-1.651,00"
Total credit,PK,"678,00","145,00","187,00","245,00","101,00"
Total debit,PK,"6.092,00","1.436,00","1.638,00","1.266,00","1.752,00"
"Compensation of employees, credit",PK,"287,00","69,00","77,00","71,00","70,00"
"Compensation of employees, debit",PK,"28,00","6,00","8,00","7,00","7,00"
"Investment income, credit",PK,"359,00","76,00","78,00","174,00","31,00"
Direct investment income,PK,"27,00","32,00","-2,00","27,00","-30,00"
Income on equity and investment fund shares,PK,"27,00","32,00","-2,00","27,00","-30,00"
Dividends and withdrawals from income of quasi-corporations,PK,"33,00","2,00","10,00","15,00","6,00"
Reinvested earnings (direct investor in direct investment enterprises),PK,"-6,00","30,00","-12,00","12,00","-36,00"
Interest,PK,"0,00","0,00","0,00","0,00","0,00"
Portfolio investment income,PK,"308,00","38,00","76,00","138,00","56,00"
Investment income on equity and investment fund shares,PK,"5,00","2,00","1,00","0,00","2,00"
Dividends on equity excluding investment fund shares,PK,"5,00","2,00","1,00","0,00","2,00"
Interest,PK,"303,00","36,00","75,00","138,00","54,00"
Other investment income,PK,"-69,00","-9,00","-18,00","-16,00","-26,00"
Interest,PK,"-69,00","-9,00","-18,00","-16,00","-26,00"
Income on reserve assets,PK,"93,00","15,00","22,00","25,00","31,00"
Income on equity and investment fund shares,PK,"0,00","0,00","0,00","0,00","0,00"
Interest,PK,"93,00","15,00","22,00","25,00","31,00"
"Investment income, debit",PK,"6.064,00","1.430,00","1.630,00","1.259,00","1.745,00"
Direct investment income,PK,"2.179,00","628,00","664,00","361,00","526,00"
Income on equity and investment fund shares,PK,"2.142,00","616,00","653,00","350,00","523,00"
Dividends and withdrawals from income of quasi-corporations,PK,"1.314,00","451,00","488,00","101,00","274,00"
Reinvested earnings (direct investor in direct investment enterprises),PK,"828,00","165,00","165,00","249,00","249,00"
Interest,PK,"37,00","12,00","11,00","11,00","3,00"
Portfolio investment income,PK,"1.106,00","108,00","398,00","232,00","368,00"
Investment income on equity and investment fund shares,PK,"96,00","18,00","40,00","9,00","29,00"
Dividends on equity excluding investment fund shares,PK,"96,00","18,00","40,00","9,00","29,00"
Interest,PK,"1.010,00","90,00","358,00","223,00","339,00"
Other investment income,PK,"2.779,00","694,00","568,00","666,00","851,00"
Interest,PK,"2.779,00","694,00","568,00","666,00","851,00"
Secondary income,PK,"30.825,00","7.627,00","8.568,00","8.011,00","6.619,00"
Credit,PK,"31.115,00","7.706,00","8.633,00","8.050,00","6.726,00"
General government,PK,"367,00","93,00","93,00","84,00","97,00"
"Financial corporations, nonfinancial corporations, households, and NPISHs",PK,"30.748,00","7.613,00","8.540,00","7.966,00","6.629,00"
Personal transfers,PK,"29.889,00","7.211,00","8.260,00","7.897,00","6.521,00"
Other current transfers,PK,"859,00","402,00","280,00","69,00","108,00"
Debit,PK,"290,00","79,00","65,00","39,00","107,00"
General government,PK,"22,00","2,00","14,00","1,00","5,00"
"Financial corporations, nonfinancial corporations, households, and NPISHs",PK,"268,00","77,00","51,00","38,00","102,00"
Personal transfers,PK,"180,00","40,00","32,00","28,00","80,00"
Other current transfers,PK,"88,00","37,00","19,00","10,00","22,00"
Capital account,PK,"406,00","50,00","39,00","34,00","283,00"
"Gross disposals of nonproduced, nonfinancial assets, credit",PK,"0,00","0,00","0,00","0,00","0,00"
"Gross acquisitions of nonproduced, nonfinancial assets, debit",PK,"0,00","0,00","0,00","0,00","0,00"
"Capital transfers, credit",PK,"406,00","50,00","39,00","34,00","283,00"
General government,PK,"170,00","47,00","33,00","31,00","59,00"
Other capital transfers,PK,"170,00","47,00","33,00","31,00","59,00"
"Financial corporations, nonfinancial corporations, households, and NPISHs",PK,"236,00","3,00","6,00","3,00","224,00"
"Capital transfers, debit",PK,"0,00","0,00","0,00","0,00","0,00"
General government,PK,"0,00","0,00","0,00","0,00","0,00"
Other capital transfers,PK,"0,00","0,00","0,00","0,00","0,00"
"Financial corporations, nonfinancial corporations, households, and NPISHs",PK,"0,00","0,00","0,00","0,00","0,00"
Financial account,PK,"-11.616,09","-3.827,05","-4.061,57","-2.407,76","-1.319,72"
Direct investment,PK,"-305,00","-91,00","-496,00","-353,00","635,00"
Net acquisition of financial assets,PK,"1.157,00","102,00","87,00","28,00","940,00"
Equity and investment fund shares,PK,"947,00","30,00","-3,00","13,00","907,00"
Equity other than reinvestment of earnings,PK,"953,00","0,00","9,00","1,00","943,00"
Direct investor in direct investment enterprises,PK,"953,00","0,00","9,00","1,00","943,00"
Reinvestment of earnings (direct investor in direct investment enterprises),PK,"-6,00","30,00","-12,00","12,00","-36,00"
Debt instruments,PK,"210,00","72,00","90,00","15,00","33,00"
Direct investor in direct investment enterprises,PK,"210,00","72,00","90,00","15,00","33,00"
Net incurrence of liabilities,PK,"1.462,00","193,00","583,00","381,00","305,00"
Equity and investment fund shares,PK,"1.491,00","394,00","366,00","420,00","311,00"
Equity other than reinvestment of earnings,PK,"663,00","229,00","201,00","171,00","62,00"
Direct investor in direct investment enterprises,PK,"663,00","229,00","201,00","171,00","62,00"
Reinvestment of earnings (direct investor in direct investment enterprises),PK,"828,00","165,00","165,00","249,00","249,00"
Debt instruments,PK,"-29,00","-201,00","217,00","-39,00","-6,00"
Direct investor in direct investment enterprises,PK,"-29,00","-201,00","217,00","-39,00","-6,00"
Portfolio investment,PK,"714,00","-555,00","236,00","30,00","1.003,00"
Net acquisition of financial assets,PK,"8,00","13,00","-5,00","0,00","0,00"
Equity and investment fund shares,PK,"12,00","13,00","-1,00","0,00","0,00"
Other sectors,PK,"12,00","13,00","-1,00","0,00","0,00"
Debt securities,PK,"-4,00","0,00","-4,00","0,00","0,00"
"Deposit-taking corporations, except the central bank",PK,"-4,00","0,00","-4,00","0,00","0,00"
Other sectors,PK,"0,00","0,00","0,00","0,00","0,00"
Net incurrence of liabilities,PK,"-706,00","568,00","-241,00","-30,00","-1.003,00"
Equity and investment fund shares,PK,"-93,00","-34,00","-47,00","-11,00","-1,00"
Central bank,PK,"0,00","0,00","0,00","0,00","0,00"
"Deposit-taking corporations, except the central bank",PK,"0,00","0,00","0,00","0,00","0,00"
General government,PK,"0,00","0,00","0,00","0,00","0,00"
Other sectors,PK,"-93,00","-34,00","-47,00","-11,00","-1,00"
Debt securities,PK,"-613,00","602,00","-194,00","-19,00","-1.002,00"
Central bank,PK,"0,00","0,00","0,00","0,00","0,00"
"Deposit-taking corporations, except the central bank",PK,"0,00","0,00","0,00","0,00","0,00"
General government,PK,"-613,00","602,00","-194,00","-19,00","-1.002,00"
Other sectors,PK,"0,00","0,00","0,00","0,00","0,00"
Financial derivatives (other than reserves) and employee stock options,PK,"-6,00","-3,00","3,00","-1,00","-5,00"
Net acquisition of financial assets,PK,"-9,00","-2,00","0,00","-1,00","-6,00"
Net incurrence of liabilities,PK,"-3,00","1,00","-3,00","0,00","-1,00"
Other investment,PK,"-57,79","2.536,97","-2.322,96","131,15","-402,95"
Net acquisition of financial assets,PK,"734,00","1.947,00","162,00","167,00","-1.542,00"
Other equity,PK,"0,00","0,00","0,00","0,00","0,00"
Debt instruments,PK,"734,00","1.947,00","162,00","167,00","-1.542,00"
"Deposit-taking corporations, except the central bank",PK,"123,00","573,00","-262,00","104,00","-292,00"
General government,PK,"15,00","908,00","5,00","11,00","-909,00"
Other sectors,PK,"596,00","466,00","419,00","52,00","-341,00"
of which: other financial corporations,PK,"596,00","466,00","419,00","52,00","-341,00"
Net incurrence of liabilities,PK,"791,79","-589,97","2.484,96","35,85","-1.139,05"
Other equity,PK,"0,00","0,00","0,00","0,00","0,00"
Special drawing rights (allocations),PK,"0,00","0,00","0,00","0,00","0,00"
Other debt instruments,PK,"791,79","-589,97","2.484,96","35,85","-1.139,05"
Central bank,PK,"-981,94","-222,01","-281,04","-199,84","-279,05"
"Deposit-taking corporations, except the central bank",PK,"126,00","-84,00","355,00","-23,00","-122,00"
General Government,PK,"-11,27","-820,96","1.078,00","251,69","-520,00"
Other sectors,PK,"1.659,00","537,00","1.333,00","7,00","-218,00"
of which: other financial corporations,PK,"1.543,00","537,00","1.333,00","-130,00","-197,00"
Reserve assets,PK,"-11.961,31","-5.715,02","-1.481,60","-2.214,91","-2.549,77"
Monetary gold,PK,"0,00","0,00","0,00","0,00","0,00"
Special drawing rights,PK,"-2.861,31","-33,02","-2.662,60","-75,91","-89,77"
Reserve position in the IMF,PK,"0,00","0,00","0,00","0,00","0,00"
Other reserve assets,PK,"-9.100,00","-5.682,00","1.181,00","-2.139,00","-2.460,00"
Net errors and omissions,PK,"194,01","25,03","366,29","-0,73","-196,57"
Assets,PK,"22.709,09","29.875,39","27.837,45","25.168,82","22.709,09"
Direct investment,PK,"3.058,32","1.944,62","1.898,95","1.925,56","3.058,32"
Equity and investment fund shares,PK,"2.890,08","1.861,57","1.815,89","1.842,51","2.890,08"
Direct investor in direct investment enterprises,PK,"2.890,08","1.861,57","1.815,89","1.842,51","2.890,08"
Direct investment enterprises in direct investor (reverse investment),PK,"0,00","0,00","0,00","0,00","0,00"
Between fellow enterprises,PK,"0,00","0,00","0,00","0,00","0,00"
Debt instruments,PK,"168,24","83,06","83,06","83,06","168,24"
Direct investor in direct investment enterprises,PK,"4,01","1,48","1,48","1,48","4,01"
Direct investment enterprises in direct investor (reverse investment),PK,"164,23","81,57","81,57","81,57","164,23"
Between fellow enterprises,PK,"0,00","0,00","0,00","0,00","0,00"
Portfolio investment,PK,"391,38","437,50","400,43","400,43","391,38"
Equity and investment fund shares,PK,"166,04","210,85","198,39","198,39","166,04"
Central bank,PK,"0,00","0,00","0,00","0,00","0,00"
"Deposit-taking corporations, except the central bank",PK,"157,00","199,41","187,56","187,56","157,00"
General government,PK,"0,00","0,00","0,00","0,00","0,00"
Other sectors,PK,"9,04","11,44","10,83","10,83","9,04"
of which: other financial corporations,PK,"8,88","11,24","10,65","10,65","8,88"
Debt securities,PK,"225,34","226,65","202,04","202,04","225,34"
Central bank,PK,"0,00","0,00","0,00","0,00","0,00"
"Deposit-taking corporations, except the central bank",PK,"179,56","206,71","160,04","160,04","179,56"
General government,PK,"0,00","0,00","0,00","0,00","0,00"
Other sectors,PK,"45,78","19,94","42,01","42,01","45,78"
of which: other financial corporations,PK,"45,78","19,94","42,01","42,01","45,78"
Financial derivatives (other than reserves) and employee stock options,PK,"17,38","8,19","6,12","53,85","17,38"
Other investment,PK,"9.315,41","10.539,24","10.664,98","10.689,55","9.315,41"
Other equity,PK,"0,00","0,00","0,00","0,00","0,00"
Debt instruments,PK,"9.315,41","10.539,24","10.664,98","10.689,55","9.315,41"
Central bank,PK,"0,00","0,00","0,00","0,00","0,00"
"Deposit-taking corporations, except the central bank",PK,"2.253,01","3.057,54","2.865,41","2.648,81","2.253,01"
General government,PK,"237,40","1.135,02","1.144,74","1.155,62","237,40"
Other sectors,PK,"6.825,00","6.346,69","6.654,83","6.885,12","6.825,00"
of which: other financial corporations,PK,"46,62","55,31","37,43","40,76","46,62"
Reserve assets,PK,"9.926,60","16.945,83","14.866,96","12.099,42","9.926,60"
Monetary gold,PK,"3.767,29","4.036,79","3.776,67","3.475,03","3.767,29"
Special drawing rights,PK,"44,18","2.958,14","212,65","130,84","44,18"
Reserve position in the fund,PK,"0,16","0,16","0,16","0,15","0,16"
Other reserve assets,PK,"6.114,97","9.950,74","10.877,49","8.493,40","6.114,97"
Liabilities,PK,"150.784,28","158.538,21","158.964,16","155.673,21","150.784,28"
Direct investment,PK,"25.456,13","31.497,00","31.186,88","31.084,48","25.456,13"
Equity and investment fund shares,PK,"21.029,84","27.598,56","27.088,77","27.037,76","21.029,84"
Direct investor in direct investment enterprises,PK,"21.029,84","27.598,56","27.088,77","27.037,76","21.029,84"
Direct investment enterprises in direct investor (reverse investment),PK,"0,00","0,00","0,00","0,00","0,00"
Between fellow enterprises,PK,"0,00","0,00","0,00","0,00","0,00"
Debt instruments,PK,"4.426,29","3.898,43","4.098,11","4.046,71","4.426,29"
Direct investor in direct investment enterprises,PK,"4.426,29","3.898,43","4.098,11","4.046,71","4.426,29"
Direct investment enterprises in direct investor (reverse investment),PK,"0,00","0,00","0,00","0,00","0,00"
Between fellow enterprises,PK,"0,00","0,00","0,00","0,00","0,00"
Portfolio investment,PK,"9.574,53","11.478,06","10.967,34","10.843,07","9.574,53"
Equity and investment fund shares,PK,"1.269,91","1.951,92","1.640,29","1.520,08","1.269,91"
"Deposit-taking corporations, except the central bank",PK,"688,41","1.015,22","883,20","836,45","688,41"
Other sectors,PK,"581,50","936,70","757,09","683,63","581,50"
Debt securities,PK,"8.304,62","9.526,14","9.327,05","9.322,99","8.304,62"
Central bank,PK,"0,00","0,00","0,00","0,00","0,00"
"Deposit-taking corporations, except the central bank",PK,"0,00","0,00","0,00","0,00","0,00"
General government,PK,"7.804,62","9.026,14","8.827,05","8.822,99","7.804,62"
Other sectors,PK,"500,00","500,00","500,00","500,00","500,00"
of which: other financial corporations,PK,"0,00","0,00","0,00","0,00","0,00"
Financial derivatives (other than reserves) and employee stock options,PK,"11,80","9,63","10,10","31,35","11,80"
Other investment,PK,"115.741,81","115.553,52","116.799,84","113.714,31","115.741,81"
Special drawing rights,PK,"3.906,27","4.057,60","3.897,29","3.756,69","3.906,27"
Other debt instruments,PK,"111.835,54","111.495,92","112.902,55","109.957,62","111.835,54"
Central bank,PK,"9.301,88","10.577,39","9.938,75","9.348,68","9.301,88"
"Deposit-taking corporations, except the central bank",PK,"5.240,61","5.486,12","5.636,84","5.424,81","5.240,61"
General government,PK,"76.530,75","76.731,00","77.309,08","75.315,90","76.530,75"
Other sectors,PK,"20.762,29","18.701,40","20.017,88","19.868,24","20.762,29"
of which: other financial corporations,PK,"0,00","0,00","0,00","0,00","0,00"
Net international investment position,PK,"-128.075,19","-128.662,82","-131.126,71","-130.504,39","-128.075,19"
